<?xml version="1.0" encoding="UTF-8" standalone="no"?>
<project default="create_run_jar" name="Create Runnable Jar for Project avmon-server with libraries in sub-folder">
	<!--this file was created by Eclipse Runnable JAR Export Wizard-->
	<!--ANT 1.7 is required                                        -->
	<target name="create_run_jar">
		<jar destfile="snmpclient.jar">
			<manifest>
				<attribute name="Main-Class" value="snmp4j.SnmpUtilSendTrap" />
				<attribute name="Class-Path" value="log4j.properties . lib/log4j-1.2.14.jar lib/snmp4j-2.2.3.jar " />
			</manifest>
			<fileset dir="D:\WorkSpace\shanxibov\SnmpTest\bin">
			</fileset>
			<!-- <fileset dir="Avmon/workspace/avmon-api/bin"/>
        	<fileset dir="Avmon/workspace/avmon.notify.uip.package/bin"/>
        	-->
		</jar>




	</target>
</project>